<wpml-config>
  <admin-texts>
    <key name="theme_mods_rara-business-pro">
      <key name="0"/>
      <key name="nav_menu_locations">
        <key name="primary"/>
      </key>
      <key name="custom_css_post_id"/>
      <key name="external_header_video"/>
      <key name="ct_social_links">
        <key name="*">
          <key name="link"/>
        </key>
      </key>
      <key name="dynamic_sidebar"/>
      <key name="slider_pages">
        <key name="*">
          <key name="page"/>
        </key>
      </key>
      <key name="slider_custom">
        <key name="*">
          <key name="thumbnail"/>
          <key name="title"/>
          <key name="subtitle"/>
          <key name="link"/>
        </key>
      </key>
      <key name="contact_social_links">
        <key name="*">
          <key name="link"/>
        </key>
      </key>
      <key name="header_social_links">
        <key name="*">
          <key name="link"/>
        </key>
      </key>
      <key name="banner_title"/>
      <key name="banner_description"/>
      <key name="banner_link_one_label"/>
      <key name="banner_link_one_url"/>
      <key name="banner_link_two_label"/>
      <key name="banner_link_two_url"/>
      <key name="header_image"/>
      <key name="ed_banner_section"/>
      <key name="slider_type"/>
      <key name="slider_readmore"/>
      <key name="sidebars_widgets">
        <key name="time"/>
        <key name="data">
          <key name="wp_inactive_widgets"/>
          <key name="primary-sidebar">
            <key name="0"/>
            <key name="1"/>
            <key name="2"/>
            <key name="3"/>
            <key name="4"/>
            <key name="5"/>
          </key>
          <key name="services"/>
          <key name="about"/>
          <key name="choose-us"/>
          <key name="team"/>
          <key name="testimonial"/>
          <key name="stats"/>
          <key name="skill"/>
          <key name="pricing"/>
          <key name="cta"/>
          <key name="faq"/>
          <key name="client"/>
          <key name="team-template"/>
          <key name="faq-template"/>
          <key name="testimonial-template"/>
          <key name="footer-one"/>
          <key name="footer-two"/>
          <key name="footer-three"/>
          <key name="footer-four"/>
        </key>
      </key>
      <key name="header_email"/>
      <key name="home_text"/>
      <key name="portfolio_title"/>
      <key name="portfolio_description"/>
      <key name="blog_title"/>
      <key name="blog_description"/>
      <key name="frontpage_faq_widget_readmore_text"/>
      <key name="contact_title"/>
      <key name="contact_description"/>
      <key name="contact_cf7_shortcode"/>
      <key name="header_phone"/>
      <key name="header_address"/>
      <key name="custom_link_icon"/>
      <key name="custom_link_label"/>
      <key name="custom_link"/>
      <key name="breadcrumb_separator"/>
      <key name="read_more_text"/>
      <key name="related_post_title"/>
      <key name="popular_post_title"/>
      <key name="footer_copyright"/>
    </key>
  </admin-texts>
</wpml-config>